id,username,created_at,tweet,retweets_count,likes_count
1665146329318969344,g4m4r333,2023-06-03 23:59:56+00:00,RT @Jodiana80: Logo IKN mirip Lambang Dajjal https://t.co/BftbM2TtWp,160,0
1665145673753165824,MMasukin,2023-06-03 23:57:20+00:00,RT @asumsico: Sebanyak 130 delegasi singapura melakukan kunjungan ke kawasan Ibu Kota Negara (IKN) Nusantara. https://t.co/N3OXpVVYaT,33,0
1665144728818716675,BeelGedhez,2023-06-03 23:53:34+00:00,"RT @MediaKomando: Profil Aulia Akbar, Sosok yang Mendesain Logo IKN Pohon Hayat
https://t.co/q1lSJ9r3nS",14,0
1665143906550308865,asginanjar70,2023-06-03 23:50:18+00:00,@vanc1Bozz Artinya IKN jalan terus gass,0,0
1665143429439864833,DeSta1506,2023-06-03 23:48:25+00:00,"RT @OposisiCerdas: Dikuliti Habis, Pohon Hayat yang Dipakai Jokowi Jadi Logo Ibu Kota Negara Dikaitkan dengan Alkitab, IKN Diubah Jadi Inji‚Ä¶",261,0
1665143138850045953,BeelGedhez,2023-06-03 23:47:15+00:00,"RT @MediaKomando: Pohon Hayat Jadi Logo IKN, Netizen Singgung Pohon Hayat Ada di Alkitab
https://t.co/5057LV4J4t",12,0
1665141060102950913,tribunkaltim,2023-06-03 23:39:00+00:00,"Rayu Investor agar Investasi di IKN Nusantara, Otorita: Bonus Pasar di Balikpapan dan Samarinda

#IKN #IKNNusantara #IbuKotaNegara #IbuKotaNusantara #Kaltim #KalimantanTimur #investasi

https://t.co/4SOGAH1mtf lewat @tribunkaltim",0,0
1665140537697894401,muhizbro,2023-06-03 23:36:55+00:00,"@KompasTV Jalan2 ke IKN, ternyata cuma mau beli pasir....",0,0
1665140487097909248,rafherrren,2023-06-03 23:36:43+00:00,RT @asumsico: Sebanyak 130 delegasi singapura melakukan kunjungan ke kawasan Ibu Kota Negara (IKN) Nusantara. https://t.co/N3OXpVVYaT,33,0
1665140465597808642,LuciaRatihz,2023-06-03 23:36:38+00:00,"RT @MediaKomando: IKN Nusantara Tak Laku-laku, Masalah Besar Presiden 2024
https://t.co/5pua1lwg7R",18,0
1665139876314972162,DS_yantie,2023-06-03 23:34:17+00:00,RT @AntoniusCDN: Dengan bersatunya kekuatan Partai dan kekuatan Relawan akan menjadi kunci utk memenangkan @ganjarpranowo sbg Presiden di t‚Ä¶,30,0
1665139340459282432,surotobravo,2023-06-03 23:32:10+00:00,RT @Uyuung5: @surotobravo Udah pernah jalan¬≤ ke IKN blum mas??,1,0
1665139017275387904,NurulHudaNurdin,2023-06-03 23:30:53+00:00,"RT @jokowi: Selamat pagi. Inilah logo Ibu Kota Nusantara yang diluncurkan kemarin. Logo yang akan menjadi identitas visual bagi IKN.

Teman‚Ä¶",2777,0
1665138659786637312,biyantoronur,2023-06-03 23:29:27+00:00,RT @KemenPU: IKN Nusantara akan menjadi Superhub Ekonomi yang dapat mendorong laju pertumbuhan ekonomi Indonesi. Visi tersebut akan diwujud‚Ä¶,20,0
1665138522422951938,PolsekKuken,2023-06-03 23:28:55+00:00,"Yuk, Berkenalan Dengan Logo Resmi IKN Nusantara

- Terinspirasi dari bentuk penghayatan simbolisme pohon dari barat sampai timur Indonesia 
- Bermakna sumber kehidupan sekaligus kekayaan hayati yang melimpah di ekologi kita
‚Ä¢ 5 akar melambangkan Pancasila https://t.co/MVkTxyQs4z",0,0
1665137417995657216,hai_ris,2023-06-03 23:24:31+00:00,@republikaonline Tersedot untuk bayar utang negara.. gitu masih ngotot bikin IKN,0,0
1665137018874232833,Pr1nC3j03,2023-06-03 23:22:56+00:00,"IKN bagian dari ILLUMINATI   ... 

https://t.co/HBPB6apBhG",0,0
1665135551132078080,Kahfsyafius,2023-06-03 23:17:06+00:00,@ekokuntadhi1 Emang ada duitnya buat bangun IKN?,0,0
1665135297150218240,_bangagoengDuA,2023-06-03 23:16:06+00:00,@_4iii_Na_T3H5h Dan @NasDem ngotot akan melanjutkan pembangunan ikn https://t.co/xCf2Cox457,0,1
1665134948393574400,dragonfly0987,2023-06-03 23:14:43+00:00,RT @KompasTV: 144 Calon Investor IKN dari Singapura Mendatangi Lokasi Pembangunan IKN https://t.co/iVXcsx8ujC,13,0
1665134680373604352,Mc_Gobed,2023-06-03 23:13:39+00:00,"@tvOneNews Emang IKN mau jadi gituh...??
ü§™",0,0
1665134404883320833,adnanrizkii_,2023-06-03 23:12:33+00:00,"RT @OposisiCerdas: Dikuliti Habis, Pohon Hayat yang Dipakai Jokowi Jadi Logo Ibu Kota Negara Dikaitkan dengan Alkitab, IKN Diubah Jadi Inji‚Ä¶",261,0
1665133784130527232,IDNTimes,2023-06-03 23:10:05+00:00,RT @IDNTimesKaltim: KPU PPU Persiapkan TPS Khusus untuk Pekerja di IKN https://t.co/LLVTP4EqLD,1,0
1665133781252988937,Julian303,2023-06-03 23:10:04+00:00,"RT @musniumar: Mengerikan sekali besarnya utang Indonesia yang tembus Rp20750 triliun. Kata Pak JK berutang itu mudah, yang susah membayarn‚Ä¶",288,0
1665133646720937984,IDNTimesKaltim,2023-06-03 23:09:32+00:00,KPU PPU Persiapkan TPS Khusus untuk Pekerja di IKN https://t.co/LLVTP4EqLD,1,0
1665133207153709057,anakbetawipusat,2023-06-03 23:07:47+00:00,"RT @OposisiCerdas: Dikuliti Habis, Pohon Hayat yang Dipakai Jokowi Jadi Logo Ibu Kota Negara Dikaitkan dengan Alkitab, IKN Diubah Jadi Inji‚Ä¶",261,0
1665133059174199296,basit201,2023-06-03 23:07:12+00:00,"RT @tawajkt: Ada ga Muslim yg protes?

Pohon Hayat Jadi Logo IKN, Netizen Singgung Pohon Hayat Ada di Alkitab.

https://t.co/MXf7ZbRSjt",10,0
1665132532713545730,andre_herdian05,2023-06-03 23:05:07+00:00,"Masyarakat yang tinggal di Kalimantan Timur khususnya Balikpapan, memiliki tekad untuk upgrading scale bisnisnya supaya bisa bersaing dengan para pendatang. #IKNPemerataanEkonomi #IKNSejahterakanIndonesia #IKN #IKNtingkatkanKesejahteraan #dukungproyekIKN #IKNNusantara https://t.co/ChjDN8AKg5",0,0
1665132530100580352,andre_herdian05,2023-06-03 23:05:06+00:00,Sektor UMKM mengalami pertumbuhan pesat sejak pemerintah memulai pembangunan infrastruktur IKN. #IKNPemerataanEkonomi #IKNSejahterakanIndonesia #IKN #IKNtingkatkanKesejahteraan #dukungproyekIKN #IKNNusantara https://t.co/4TUmh4MTKZ,0,0
1665132526480785410,andre_herdian05,2023-06-03 23:05:05+00:00,"Masyarakat yang tinggal di Kalimantan Timur khususnya Balikpapan, memiliki tekad untuk upgrading scale bisnisnya supaya bisa bersaing dengan para pendatang. #IKNPemerataanEkonomi #IKNSejahterakanIndonesia #IKN #IKNtingkatkanKesejahteraan #dukungproyekIKN #IKNNusantara https://t.co/ShDZY7IIKy",0,0
1665132523859374081,andre_herdian05,2023-06-03 23:05:05+00:00,ikn sejahterakan ekonomi masyarakat kaltim dan buka peluang bagi UMKM #IKNPemerataanEkonomi #IKNSejahterakanIndonesia #IKN #IKNtingkatkanKesejahteraan #dukungproyekIKN #IKNNusantara https://t.co/shyUcExAZN,0,0
1665132521523224576,andre_herdian05,2023-06-03 23:05:04+00:00,Sektor UMKM mengalami pertumbuhan pesat sejak pemerintah memulai pembangunan infrastruktur IKN.  #IKNPemerataanEkonomi #IKNSejahterakanIndonesia #IKN #IKNtingkatkanKesejahteraan #dukungproyekIKN #IKNNusantara https://t.co/lygkag8bJ2,0,0
1665131457243672578,Juno390,2023-06-03 23:00:50+00:00,"RT @Migran_TV_7777: Setuju dengan Bang @RamliRizal , cawe¬≤ @jokowi di pilpres 2024 itu menunjukan kalau dia sudah tidak mampu lagi membenah‚Ä¶",98,0
1665130505120153603,a_daud_ppnp,2023-06-03 22:57:03+00:00,"RT @OposisiCerdas: Dikuliti Habis, Pohon Hayat yang Dipakai Jokowi Jadi Logo Ibu Kota Negara Dikaitkan dengan Alkitab, IKN Diubah Jadi Inji‚Ä¶",261,0
1665129889370890241,LuciaRatihz,2023-06-03 22:54:36+00:00,"RT @MediaKomando: Profil Aulia Akbar, Sosok yang Mendesain Logo IKN Pohon Hayat
https://t.co/q1lSJ9r3nS",14,0
1665128885908828160,GorenganPisang6,2023-06-03 22:50:37+00:00,"RT @YepryR: HASIL KARYA DAN GAGASAN CAPRES ANIES BASWEDAN,

Anies basewdan harga 20juta tiket formula E ludes terjual,hasil nyata karya ani‚Ä¶",20,0
1665127635624808448,_tenanan_iso,2023-06-03 22:45:39+00:00,@gustikajusup @archilles_2 @aniesbaswedan @Jakartaeprix @feryfarhati kamu paham IKN gak.....kalau ngerti gak bakal keluar tulisan mu.,0,0
1665127112477384709,oetomo_ian,2023-06-03 22:43:34+00:00,"@Bambangelf Gpp b ajah, cuma istilah aja, preseden nya sdh ada yaitu jokowi, dan hasilnya 82% rakyat puas, jgn disangkal, IKN itu cita2 bung karno dan diwujudkan sm jokowi sesulit apapun. Knpa kalian tnya terus dan nutup mata akan kberhasilan jokowi yg dkluarkan dr pruduk : Petugas Partai.",0,0
1665126561677471744,LuciaRatihz,2023-06-03 22:41:23+00:00,"RT @MediaKomando: Pohon Hayat Jadi Logo IKN, Netizen Singgung Pohon Hayat Ada di Alkitab
https://t.co/5057LV4J4t",12,0
1665126258877841410,RumbiakP,2023-06-03 22:40:11+00:00,IKN Menjaga Kalimantan Sebagai Paru-paru Dunia https://t.co/17KlZ2NgQt,0,0
1665126218709221378,Indones1aku,2023-06-03 22:40:01+00:00,RT @AntoniusCDN: Dengan bersatunya kekuatan Partai dan kekuatan Relawan akan menjadi kunci utk memenangkan @ganjarpranowo sbg Presiden di t‚Ä¶,30,0
1665125975493865478,Maskewok,2023-06-03 22:39:03+00:00,"@Araghutama Peh, mbok dijak perjadin antar benua toh ü§£
IKN wis ben diisi yg muda-muda wkwk",0,0
1665125776675729409,waaipkasep,2023-06-03 22:38:16+00:00,"RT @inilahdotcom: Keputusan Presiden Jokowi membuka tambang dan ekspor pasir laut, semakin banyak yang mengkritisi. Termasuk guru besar IPB‚Ä¶",853,0
1665125551596531717,mrmaulaa,2023-06-03 22:37:22+00:00,"RT @Adrianussatrio: Program BRT 5 /6 kota besar perlu dimulai ( Medan, Bandung, Makassar, Semarang, Surabaya, satu lagi apa ya.. ) 
- LRT B‚Ä¶",14,0
1665125536723509248,Araghutama,2023-06-03 22:37:19+00:00,@Maskewok Ora mashokk..auto mutasi nde IKN wkwk,0,0
1665125405513195522,moer78moer,2023-06-03 22:36:47+00:00,"RT @OposisiCerdas: Dikuliti Habis, Pohon Hayat yang Dipakai Jokowi Jadi Logo Ibu Kota Negara Dikaitkan dengan Alkitab, IKN Diubah Jadi Inji‚Ä¶",261,0
1665124987861336064,CakRony1130,2023-06-03 22:35:08+00:00,"RT @OposisiCerdas: Dikuliti Habis, Pohon Hayat yang Dipakai Jokowi Jadi Logo Ibu Kota Negara Dikaitkan dengan Alkitab, IKN Diubah Jadi Inji‚Ä¶",261,0
1665124646918967296,AnggunSafitriz,2023-06-03 22:33:47+00:00,RT @OposisiCerdas: Pencabutan Larangan Ekspor Pasir Laut: Jokowi Tukar Tambah ke Investor Buat Modal Bangun IKN https://t.co/KSDZhUDzSX,34,0
1665122343096557569,hybrids2022,2023-06-03 22:24:37+00:00,"@keuangannews_id Formula E program yg layak dilanjutkan oleh siapapun gubernur DKI. Utang 20.750Triliun, IKN, Kereta Cepat tapi gak perlu, semua klaim toll langit, laut, darat, oxygen, tambang nikel, TKA.. Duh gak ada yg pantas buat dilanjutkan",0,5
1665120228336910336,grrraargh,2023-06-03 22:16:13+00:00,"@kumparan Maksudnya, pasir dijual diekspor...trus kita beli lagi itu pasir dgn harga berlipat buat nambalin IKN, gitu kah? Gak bahaya ta? ,LüôÑ",0,0
1665119776665128960,Yulia_NS79,2023-06-03 22:14:25+00:00,RT @AntoniusCDN: Dengan bersatunya kekuatan Partai dan kekuatan Relawan akan menjadi kunci utk memenangkan @ganjarpranowo sbg Presiden di t‚Ä¶,30,0
1665117508704296960,ImaginarySteady,2023-06-03 22:05:25+00:00,"Proyek IKN today! 
Semoga cepat selesai dan inshaAllah pemindahan Ibukota Negara Republik Indonesia berjalan lancar dengan pemimpin-pemimpin adil, jujur dan amanah. Aamiin YR ü§≤üáÆüá©‚ô•Ô∏èüôè

https://t.co/A0gB1LtiTA",0,0
1665114919161958400,wongkalibanteng,2023-06-03 21:55:07+00:00,"RT @alextham878: Update KIPP IKN Nusantara Mulai Naik Lantai 2 Istana Negara IKN Nusantara 

Semoga pembangunan IKN Nusantara berjalan sesu‚Ä¶",22,0
1665114844218155014,MobazStory,2023-06-03 21:54:49+00:00,"RT @tawajkt: Ada ga Muslim yg protes?

Pohon Hayat Jadi Logo IKN, Netizen Singgung Pohon Hayat Ada di Alkitab.

https://t.co/MXf7ZbRSjt",10,0
1665113545376243712,RudyCahyon37382,2023-06-03 21:49:40+00:00,"RT @setkabgoid: Presiden @jokowi Luncurkan Logo IKN Bertema Pohon Hayat

#KabarKabinet
https://t.co/BqOXN4YPu2 https://t.co/wOylrVdaJv",14,0
1665111688209735680,MobazStory,2023-06-03 21:42:17+00:00,"RT @OposisiCerdas: Dikuliti Habis, Pohon Hayat yang Dipakai Jokowi Jadi Logo Ibu Kota Negara Dikaitkan dengan Alkitab, IKN Diubah Jadi Inji‚Ä¶",261,0
1665108720777297920,sayurmayur01,2023-06-03 21:30:29+00:00,"RT @OposisiCerdas: Dikuliti Habis, Pohon Hayat yang Dipakai Jokowi Jadi Logo Ibu Kota Negara Dikaitkan dengan Alkitab, IKN Diubah Jadi Inji‚Ä¶",261,0
1665108581967081472,dodywidodo13,2023-06-03 21:29:56+00:00,"@VeelaaRhie @jokowi @ganjarpranowo Mari Rakyat  Kalimantan dan Seluruh Masyarakat Indonesia  Untuk Menenggelamkan Partai Koalisi Perubahan, Yang Berpikiran Sempit. Tetap Dukung Ibukota IKN Sebagai Ibukota RI Masa Depan yg Sesuai dengan Amanat UU IKN. Demi Indonesia Jaya.",0,0
1665107857488982018,MocangTian,2023-06-03 21:27:04+00:00,"@scorpion4l4l @There91194264 Luhut BP makelar Negara.Makanya pulau yang menurutnya potensi utk pertambangan di Jual ke China.Sementara uang hasil penjualan Pulau di bangun IKN,tujuannya membangun  IKN itu akan di buatkan jaminan pinjam uang ke China. pejabat Bajingan,kerjanya hanya bisa garong uang rakyat.",0,2
1665107691570864129,CeBi_62,2023-06-03 21:26:24+00:00,@KompasTV Jokowi memang selalu mengingkari janji. Masih inget nawacita? Atau masih inget kalau dia bilang ga bakal cawe2? Masih inget IKN? kereta cepat Jakarta-Bandung?,0,0
1665107498775506944,KenapaBegitusih,2023-06-03 21:25:38+00:00,"RT @OposisiCerdas: Dikuliti Habis, Pohon Hayat yang Dipakai Jokowi Jadi Logo Ibu Kota Negara Dikaitkan dengan Alkitab, IKN Diubah Jadi Inji‚Ä¶",261,0
1665106706391773184,uusbustami,2023-06-03 21:22:29+00:00,"RT @RadarKorupsi: Sampai saat ini nalar saya masih kagok soal PP buka ekspor pasir laut untuk Reklamasi di RI dan IKN. 

Ekspor dulu, setel‚Ä¶",22,0
1665105359369822209,hybrids2022,2023-06-03 21:17:08+00:00,"@AndiSinulingga Jadi formula E adalah program bagus layak dilanjutkan.. Kalo IKN? Kereta bohong (cepat tapi lemot), infrastruktur ghaib, segala macam jualan toll (darat, laut, udara)?",0,3
1665105176938573824,DoeztWae,2023-06-03 21:16:24+00:00,RT @asumsico: Sebanyak 130 delegasi singapura melakukan kunjungan ke kawasan Ibu Kota Negara (IKN) Nusantara. https://t.co/N3OXpVVYaT,33,0
1665105050254053376,Kang_Bedjo9000,2023-06-03 21:15:54+00:00,"RT @RadarKorupsi: Sampai saat ini nalar saya masih kagok soal PP buka ekspor pasir laut untuk Reklamasi di RI dan IKN. 

Ekspor dulu, setel‚Ä¶",22,0
1665102806418862080,Adiinotrino,2023-06-03 21:06:59+00:00,RT @AntoniusCDN: Dengan bersatunya kekuatan Partai dan kekuatan Relawan akan menjadi kunci utk memenangkan @ganjarpranowo sbg Presiden di t‚Ä¶,30,0
1665097798738649088,AntoniusCDN,2023-06-03 20:47:05+00:00,Dengan bersatunya kekuatan Partai dan kekuatan Relawan akan menjadi kunci utk memenangkan @ganjarpranowo sbg Presiden di th 2024 supaya bisa meneruskan program kerja Pak @jokowi selama ini terutama pembangunan IKN https://t.co/4xtQB6TRlf,30,54
1665097344440848384,ImaginarySteady,2023-06-03 20:45:17+00:00,"Proyek IKN &amp; kenapa saya setuju dengan proyek ini, walaupun menghabiskan anggaran besar. 
1 ) Sudah waktunya kita membuat ibukota dan pusat bisnis menjadi terpisah.
2 ) Sentralisasi P. Jawa sebagai pusat tidaklah terlalu aman ditinjau dari segi teritorial dsb.
3 ) Faktor sejarah.",0,0
1665094430494461954,CarloLian3,2023-06-03 20:33:42+00:00,RT @Yahceksultan: @RCjpcpSnfBLLX9b @tribunnews Gak percaya..  Apalgi SUMUT jelas2 mau perubahan dlm sistem tatanan negara bukan berubah dlm‚Ä¶,1,0
1665093378894336000,mrndi_,2023-06-03 20:29:32+00:00,@budiantosudjono @OkaRobiM @rgoestama @ikn_id Yg highclass bwang buat para tikus markup harganya sesuka hati,0,1
1665090008712085504,JJohansaya28901,2023-06-03 20:16:08+00:00,"RT @tvOneNews: Pohon Hayat Jadi Logo IKN, Netizen Singgung Pohon Hayat Ada di Alkitab https://t.co/Rl57L5G7LI",101,0
1665089704922951681,abah_saka,2023-06-03 20:14:56+00:00,RT @DoankWarto: Kata kadrun bungul logo IKN mirip DAJJAL. https://t.co/tWEcepBr0V,8,0
1665089430108143616,Callystasweet11,2023-06-03 20:13:50+00:00,"RT @NyiRrk: Waduuuh Pak De Cawe Cawe Capres Mengamankan Proyek Strategis Nasional 
IKN apa Ice Doger Rp 71 Milyard ? 
#SkandalHitamIjazahPa‚Ä¶",5,0
1665088734491205632,AureliaMawar,2023-06-03 20:11:04+00:00,ABB Siap Bantu Pemerintah Wujudkan IKN sebagai Kota Minim Emisi Karbon https://t.co/0DUjQXhS2A,0,0
1665085847962800128,travelNexpress,2023-06-03 19:59:36+00:00,"RT @YepryR: Ciyeee,.. cari panggung suara nih buat di Papua,jokowi hanya cukup pikirin investor untuk IKN saja,jadi mana ada mikirin solusi‚Ä¶",11,0
1665085097287237632,zuhrydhuha,2023-06-03 19:56:37+00:00,"@tvOneNews Garuda Pancasila Lambang NKRI harga mati. Di setiap Kab/Kota ada lambangnya. Begitu juga setiap Propinsi/Dl/DOK/DKI, ada lambangnya. Bagaimana IKN ,,? Perlu ada atau tidak,,?.",0,0
1665084443877584896,PandirKelana13,2023-06-03 19:54:01+00:00,"RT @OposisiCerdas: Dikuliti Habis, Pohon Hayat yang Dipakai Jokowi Jadi Logo Ibu Kota Negara Dikaitkan dengan Alkitab, IKN Diubah Jadi Inji‚Ä¶",261,0
1665082863581032450,bobohodibalik,2023-06-03 19:47:45+00:00,@rgoestama @rian_aristio pengembangan bisnis ikn nih ri,0,2
1665082071570853889,travelNexpress,2023-06-03 19:44:36+00:00,"RT @musniumar: Mengerikan sekali besarnya utang Indonesia yang tembus Rp20750 triliun. Kata Pak JK berutang itu mudah, yang susah membayarn‚Ä¶",288,0
1665081196429348865,pales80144509,2023-06-03 19:41:07+00:00,"RT @OposisiCerdas: Dikuliti Habis, Pohon Hayat yang Dipakai Jokowi Jadi Logo Ibu Kota Negara Dikaitkan dengan Alkitab, IKN Diubah Jadi Inji‚Ä¶",261,0
1665076820285194240,TobaCoffee,2023-06-03 19:23:44+00:00,"RT @lettachantik: Pagii 
Hari Sabtu ceria 
Kejaksaan mendukung terwujudnya IKN 
Awal 2024 sebagian kejaksaan harus beralih pindah ke IKN, 2‚Ä¶",21,0
1665074184500944896,Atiq_Tam,2023-06-03 19:13:15+00:00,"RT @BryanNuraini: Rela Masuk Kabinet Jokowi Demi Dapat Jatah Proyek IKN, Bisnis Prabowo Jadi Sorotan
Kurnia Meiga
Raffi
Naomi https://t.co/‚Ä¶",6,0
1665073046187655168,charr_lyneee,2023-06-03 19:08:44+00:00,"RT @jokowi: Selamat pagi. Inilah logo Ibu Kota Nusantara yang diluncurkan kemarin. Logo yang akan menjadi identitas visual bagi IKN.

Teman‚Ä¶",2777,0
1665071201402904576,ArifGaib_,2023-06-03 19:01:24+00:00,@detikcom The Best IKN Logo üòé,0,0
1665069171825160200,aki_jupi2,2023-06-03 18:53:20+00:00,RT @DameHutaba99169: Dari pada ngurus Cawe Cawe Capres ngumpulin para Ketua Parpol di istana menggunakan fasiltas negara. . Padahal sebenta‚Ä¶,1,0
1665065475779207168,Valdinho74,2023-06-03 18:38:39+00:00,@RadarKorupsi Jadi IKN itu di tepi pantai rupanya?,0,1
1665065352886386688,athdimsfdhr,2023-06-03 18:38:10+00:00,"RT @Adrianussatrio: Program BRT 5 /6 kota besar perlu dimulai ( Medan, Bandung, Makassar, Semarang, Surabaya, satu lagi apa ya.. ) 
- LRT B‚Ä¶",14,0
1665062698508488704,ichalaz,2023-06-03 18:27:37+00:00,"@jokowi apapun alasan yg ingin anda sampaikan kalau ini murni dan hak politik moeldoko. Selama dia KSP dan anda presidennya, anda akan terseret dalam lumpur pencemaran demokrasi ini. Lupakan IKN, dll. Buku sejarah akan mencatat diam-nya anda ini sebagai kebusukan anda. https://t.co/uTxe7rYNTx",0,0
1665062220487704577,EagleReaper01,2023-06-03 18:25:43+00:00,"RT @EagleReaper01: @DoankWarto sudah, dihentikan saja itu IKN
.
tidak visible, tidak ada investor, nyedot uang negara saja hanya untuk penu‚Ä¶",1,0
1665060752410169344,kangtrivia,2023-06-03 18:19:53+00:00,"RT @tvOneNews: Pohon Hayat Jadi Logo IKN, Netizen Singgung Pohon Hayat Ada di Alkitab https://t.co/Rl57L5G7LI",101,0
1665060608969146368,elangbadai5,2023-06-03 18:19:19+00:00,RT @Alamalika: Kontradiktif !! Simbolnya pohon hayat(kehidupan).... tapi jutaan pohon di Kaltim malah ditebangi untuk IKN. https://t.co/2WX‚Ä¶,9,0
1665060544561152003,kangtrivia,2023-06-03 18:19:03+00:00,"RT @PDemokrat: Tunda Pembangunan IKN, Demokrat Minta Anggaran Negara Diprioritaskan untuk Kesejahteraan Rakyat

""Anggaran yang sifatnya non‚Ä¶",103,0
1665059596975722496,blessedluckyy,2023-06-03 18:15:17+00:00,RT @asumsico: Sebanyak 130 delegasi singapura melakukan kunjungan ke kawasan Ibu Kota Negara (IKN) Nusantara. https://t.co/N3OXpVVYaT,33,0
1665059458521743364,catijahs,2023-06-03 18:14:44+00:00,"RT @sibermun: @susipudjiastuti Nanti bisa dipekerjakan di Iƒ∂N

https://t.co/YMTUWQR8r2",1,0
1665059389554978816,mas_umam91,2023-06-03 18:14:28+00:00,RT @Suharto91638148: @Indones1aku Lebih banyak mana penggundulan di Monas sama di IKN.. rusaknya habitat di IKN..tambang Wadas Jawa tengah‚Ä¶,1,0
1665059211364175872,AnasImron,2023-06-03 18:13:45+00:00,RT @rgoestama: @ikn_id Bismillah https://t.co/wngi2qrhpt,27,0
1665057895145410561,RelpenM,2023-06-03 18:08:32+00:00,"RT @Adrianussatrio: Program BRT 5 /6 kota besar perlu dimulai ( Medan, Bandung, Makassar, Semarang, Surabaya, satu lagi apa ya.. ) 
- LRT B‚Ä¶",14,0
1665057251529478146,ikhlasulamal077,2023-06-03 18:05:58+00:00,"RT @tvOneNews: Pohon Hayat Jadi Logo IKN, Netizen Singgung Pohon Hayat Ada di Alkitab https://t.co/Rl57L5G7LI",101,0
1665056739765493762,takobak88,2023-06-03 18:03:56+00:00,RT @asumsico: Sebanyak 130 delegasi singapura melakukan kunjungan ke kawasan Ibu Kota Negara (IKN) Nusantara. https://t.co/N3OXpVVYaT,33,0
1665056725987397633,chandra36841544,2023-06-03 18:03:53+00:00,"RT @musniumar: Mengerikan sekali besarnya utang Indonesia yang tembus Rp20750 triliun. Kata Pak JK berutang itu mudah, yang susah membayarn‚Ä¶",288,0
1665056593463918592,dekmingi,2023-06-03 18:03:21+00:00,"RT @Adrianussatrio: Program BRT 5 /6 kota besar perlu dimulai ( Medan, Bandung, Makassar, Semarang, Surabaya, satu lagi apa ya.. ) 
- LRT B‚Ä¶",14,0
1665056542909931520,ki_cakrasurya,2023-06-03 18:03:09+00:00,"Demi mbangun IKN pulau pasir pun akan dijual?

https://t.co/UvgJ193c67",0,2
1665054485750726658,cacaamerica2,2023-06-03 17:54:59+00:00,"Jualan IkN enggak laku, investor gakda yang minat!

Ya udah jualan pasir aja, lebih menjanjikan keknya üôÑ https://t.co/v1z3uH1PP8",0,0
1665054224772890625,THE_DJOE,2023-06-03 17:53:57+00:00,@Irawand33 @haratnya Serem juga lah om .. kalo bisa jangan nanti IKN bisa berantakan wkwkwkw,0,7
1665053697930346503,MonCha65938734,2023-06-03 17:51:51+00:00,"RT @MuchNasikhin: @RamliRizal Udah di bohongi china tentang kereta cepat,sekarang di PHP in singapore mau investasi di IKN,singapore itu li‚Ä¶",1,0
1665052665104175104,DYS_yes,2023-06-03 17:47:45+00:00,@KompasTV Di IKN aja sana,0,0
1665049614691565573,2wishkey,2023-06-03 17:35:37+00:00,"RT @RadarKorupsi: Sampai saat ini nalar saya masih kagok soal PP buka ekspor pasir laut untuk Reklamasi di RI dan IKN. 

Ekspor dulu, setel‚Ä¶",22,0
1665048991132794880,cacaamerica2,2023-06-03 17:33:09+00:00,RT @Jodiana80: Logo IKN mirip Lambang Dajjal https://t.co/BftbM2TtWp,160,0
1665048398729207809,alqosam9991,2023-06-03 17:30:48+00:00,"RT @OposisiCerdas: Dikuliti Habis, Pohon Hayat yang Dipakai Jokowi Jadi Logo Ibu Kota Negara Dikaitkan dengan Alkitab, IKN Diubah Jadi Inji‚Ä¶",261,0
1665047359506489346,prasnug_kediri,2023-06-03 17:26:40+00:00,"RT @HidayatNatari: Bicara Tentang IKN;
""Pertanyaannya siapa yg akan pindah ke sana?""
-
Mene ketehe?üòÇ https://t.co/7dKwTbtI4X",194,0
1665047219332890625,Afrchamp,2023-06-03 17:26:06+00:00,"RT @OposisiCerdas: Dikuliti Habis, Pohon Hayat yang Dipakai Jokowi Jadi Logo Ibu Kota Negara Dikaitkan dengan Alkitab, IKN Diubah Jadi Inji‚Ä¶",261,0
1665046476681084932,wa_one1,2023-06-03 17:23:09+00:00,Benarkah Pohon Hayat yg menjadi Lambang IKN adalah sebuah pohon yg di gambarkan dalam kitab injil ???@DPR_RI @FPKSDPRRI @muhammadiyah @nu_online @republikaonline https://t.co/RjSOAa8mLn,0,0
1665045661996154882,DameHutaba99169,2023-06-03 17:19:55+00:00,"Dari pada ngurus Cawe Cawe Capres ngumpulin para Ketua Parpol di istana menggunakan fasiltas negara. . Padahal sebentar lagi udah Serah terima  jabatan sama Anies..
Mending konsent urusin  urusan yg masih banyak terbengkalai seperti IKN yang anggaran nya masih belum jelas.dll https://t.co/mSnFEsYRbj",1,1
1665045509319557120,54D4R_4HM4D,2023-06-03 17:19:19+00:00,"RT @OposisiCerdas: Dikuliti Habis, Pohon Hayat yang Dipakai Jokowi Jadi Logo Ibu Kota Negara Dikaitkan dengan Alkitab, IKN Diubah Jadi Inji‚Ä¶",261,0
1665044651131432962,Wsupras,2023-06-03 17:15:54+00:00,"RT @YepryR: HASIL KARYA DAN GAGASAN CAPRES ANIES BASWEDAN,

Anies basewdan harga 20juta tiket formula E ludes terjual,hasil nyata karya ani‚Ä¶",20,0
1665044220967628800,beatriz92773809,2023-06-03 17:14:11+00:00,"@NoticieroSLV @MedioAmbienteSV Bijpb7 p
6bbh. Y. Lo. B  üëô nƒ∑lj milpa v  l ob nyb8p6p. Pp
Mm mlm ikn 8 p knh8ulhhnb6 lnhy las dos 7 8. M n8.bll8oubl .m",0,0
1665043035682398210,valhinduan,2023-06-03 17:09:29+00:00,"RT @OposisiCerdas: Dikuliti Habis, Pohon Hayat yang Dipakai Jokowi Jadi Logo Ibu Kota Negara Dikaitkan dengan Alkitab, IKN Diubah Jadi Inji‚Ä¶",261,0
1665042830090293250,FrivanMuhammad,2023-06-03 17:08:40+00:00,"RT @Adrianussatrio: Program BRT 5 /6 kota besar perlu dimulai ( Medan, Bandung, Makassar, Semarang, Surabaya, satu lagi apa ya.. ) 
- LRT B‚Ä¶",14,0
1665042799300050944,streetlawyers85,2023-06-03 17:08:33+00:00,"@oemjioemji @kopikirpikir @SangGuru2471 @aniesbaswedan Hutan mana? Di IKN itu Hutan Tanaman Industri, pohon ecaliptus, umur tertentu ditebang. Program IKN malah mulai pembibitan/persemaian tanaman asli hutan kalimatan akan mulai ditanam kembali.",0,2
1665042475797323782,GuiliAnemoBoy,2023-06-03 17:07:15+00:00,"RT @Adrianussatrio: Program BRT 5 /6 kota besar perlu dimulai ( Medan, Bandung, Makassar, Semarang, Surabaya, satu lagi apa ya.. ) 
- LRT B‚Ä¶",14,0
1665041297433067520,FahrezaArief5,2023-06-03 17:02:34+00:00,"RT @Adrianussatrio: Program BRT 5 /6 kota besar perlu dimulai ( Medan, Bandung, Makassar, Semarang, Surabaya, satu lagi apa ya.. ) 
- LRT B‚Ä¶",14,0
1665040655263883264,Shahzai09018474,2023-06-03 17:00:01+00:00,RT @auliasexx3: Malam mantul mantap ciuman retinol boba 31 mei zayyan pelan cawe hotel pelan logo ikn bulan juni minions yati anime netflix‚Ä¶,37,0
1665040283292278784,cakkhaf1,2023-06-03 16:58:33+00:00,RT @ikn_id: Otorita Ibu Kota Nusantara (OIKN) bersama US-ASEAN Business Council (US-ABC) mengadakan pertemuan untuk membahas peluang invest‚Ä¶,5,0
1665039603215257600,akunsudi,2023-06-03 16:55:51+00:00,RT @KompasTV: 144 Calon Investor IKN dari Singapura Mendatangi Lokasi Pembangunan IKN https://t.co/iVXcsx8ujC,13,0
1665038517079031809,pratomooajik,2023-06-03 16:51:32+00:00,RT @asumsico: Sebanyak 130 delegasi singapura melakukan kunjungan ke kawasan Ibu Kota Negara (IKN) Nusantara. https://t.co/N3OXpVVYaT,33,0
1665037647503560705,encep_maman,2023-06-03 16:48:04+00:00,"RT @jokowi: Selamat pagi. Inilah logo Ibu Kota Nusantara yang diluncurkan kemarin. Logo yang akan menjadi identitas visual bagi IKN.

Teman‚Ä¶",2777,0
1665037494583439360,TJHoois,2023-06-03 16:47:28+00:00,@k3n4ng4_0 @Bank_Joee_ Ya iya lah hrs menatap Masa depan di IKN nya Pak @jokowi walaupun dulu beliau di fitnah PKI dan tdk terbuktii... Tetep maju ASAL beliaunya bener ‚ò∫Ô∏èü§≠  udah gabjaman main fitnah2 PKI kl ga punya bukti ‚ÄºÔ∏è‚ÄºÔ∏è,0,0
1665037096581742594,justfeelmoon,2023-06-03 16:45:53+00:00,RT @ikn_id: Otorita Ibu Kota Nusantara (OIKN) bersama US-ASEAN Business Council (US-ABC) mengadakan pertemuan untuk membahas peluang invest‚Ä¶,5,0
1665036787251568642,WulungjagaNKRI,2023-06-03 16:44:39+00:00,"RT @jokowi: Selamat pagi. Inilah logo Ibu Kota Nusantara yang diluncurkan kemarin. Logo yang akan menjadi identitas visual bagi IKN.

Teman‚Ä¶",2777,0
1665036763901882368,karyawanbijak,2023-06-03 16:44:34+00:00,@rgoestama @ikn_id kalau saya terinspirasi buat usaha odong-odong dan becak mini.,0,0
1665036547215831040,Nissakti,2023-06-03 16:43:42+00:00,"@KompasTV Setelah janjikan jual pasir bwt Reklamasi pantai Singapura, elbepek langsung rayu investor Singapura. Gak punya duit bangun IKN spt Pohon üå¥ Kematian ‚ò†",0,0
1665036087511912448,Tuahsakato999,2023-06-03 16:41:52+00:00,"RT @tvOneNews: Pohon Hayat Jadi Logo IKN, Netizen Singgung Pohon Hayat Ada di Alkitab https://t.co/Rl57L5G7LI",101,0
1665034820685266949,DinarEdie,2023-06-03 16:36:50+00:00,"RT @RadarKorupsi: Sampai saat ini nalar saya masih kagok soal PP buka ekspor pasir laut untuk Reklamasi di RI dan IKN. 

Ekspor dulu, setel‚Ä¶",22,0
1665034661008113667,Masboy29888001,2023-06-03 16:36:12+00:00,"@ahmadkdafi @tvOneNews pokoknya aneh saja di era mukidi, logo halal pun diganti mirip gunungan wayang, nah logo IKN juga aneh..mukidi ngerti gak sih",0,0
1665034298653564930,MangUcuy,2023-06-03 16:34:46+00:00,"RT @OposisiCerdas: Dikuliti Habis, Pohon Hayat yang Dipakai Jokowi Jadi Logo Ibu Kota Negara Dikaitkan dengan Alkitab, IKN Diubah Jadi Inji‚Ä¶",261,0
1665034048773799936,ikn_id,2023-06-03 16:33:46+00:00,"Selain itu, OIKN dan US-ABC juga mendiskusikan terkait peluang baru serta mengkoordinasikan upaya dalam mempercepat transformasi digital, mengembangkan sumber daya manusia, serta mewujudkan IKN yang inovatif, tangguh, dan berkelanjutan.",0,1
1665034044579479554,ikn_id,2023-06-03 16:33:45+00:00,"...dan implementasi Peraturan Pemerintah No. 12 Tahun 2023 tentang Pemberian Perizinan Berusaha, Kemudahan Berusaha, dan Fasilitas Penanaman Modal bagi Pelaku Usaha di Ibu Kota Nusantara.",0,0
1665034038174728193,ikn_id,2023-06-03 16:33:44+00:00,"Dalam pertemuan tersebut, Kepala OIKN Bambang Susantono dan Deputi Bidang Pendanaan dan Investasi OIKN Agung Wicaksono bersama perwakilan US-ABC membahas strategi pengembangan IKN... https://t.co/ScBudkgkJI",0,0
1665034021019983874,ikn_id,2023-06-03 16:33:40+00:00,"Otorita Ibu Kota Nusantara (OIKN) bersama US-ASEAN Business Council (US-ABC) mengadakan pertemuan untuk membahas peluang investasi di IKN, di Jakarta beberapa waktu lalu. https://t.co/KrWj1b7iwT",5,25
1665033994239623173,nambahsahabat,2023-06-03 16:33:33+00:00,"RT @OposisiCerdas: Dikuliti Habis, Pohon Hayat yang Dipakai Jokowi Jadi Logo Ibu Kota Negara Dikaitkan dengan Alkitab, IKN Diubah Jadi Inji‚Ä¶",261,0
1665033431066226688,lopcupsee,2023-06-03 16:31:19+00:00,@tanyarlfes Ikn sungai???,0,0
1665032832043950080,utang11ribuTi,2023-06-03 16:28:56+00:00,"RT @OposisiCerdas: Dikuliti Habis, Pohon Hayat yang Dipakai Jokowi Jadi Logo Ibu Kota Negara Dikaitkan dengan Alkitab, IKN Diubah Jadi Inji‚Ä¶",261,0
1665032615999729664,DinarEdie,2023-06-03 16:28:05+00:00,"RT @YepryR: HASIL KARYA DAN GAGASAN CAPRES ANIES BASWEDAN,

Anies basewdan harga 20juta tiket formula E ludes terjual,hasil nyata karya ani‚Ä¶",20,0
1665031249474490369,Tuahsakato999,2023-06-03 16:22:39+00:00,"RT @OposisiCerdas: Pohon Hayat Jadi Logo IKN, Netizen Singgung Pohon Hayat Ada di Alkitab https://t.co/H7z8ek2ndp",31,0
1665030969219330050,suharso30362,2023-06-03 16:21:32+00:00,"@abwnews_ Ancur lebur indonesia kalau amis jadi presiden....antitesa jokowi
Yg sdh bener bener di bangun era jokowi bakalan di ancurkan...
IKN gak bakalan berlanjut
HTI FPI bakalan dihidupkan lagi",0,0
1665030376568369152,Adrianussatrio,2023-06-03 16:19:11+00:00,"Program BRT 5 /6 kota besar perlu dimulai ( Medan, Bandung, Makassar, Semarang, Surabaya, satu lagi apa ya.. ) 
- LRT Batam kayanya ada tu rencana
- Perkeretaapian perkotaan Surabaya, Bandung, di Sulawesi juga perlu
- Transportasi IKN
- Revitalisasi / revolusi angkot di bodetabek",14,66
1665029056218411009,SoepriyantoAmin,2023-06-03 16:13:56+00:00,"RT @OposisiCerdas: Dikuliti Habis, Pohon Hayat yang Dipakai Jokowi Jadi Logo Ibu Kota Negara Dikaitkan dengan Alkitab, IKN Diubah Jadi Inji‚Ä¶",261,0
1665028557884784641,Mezzoforte2609,2023-06-03 16:11:57+00:00,"RT @LokoJoyo81: Menteri BUMN Erick Thohir menyiapkan Twin Tower untuk mendukung City Center Baru di kawasan Monas, Jakarta. Seperti diketah‚Ä¶",4,0
1665028285481484290,JauhariO,2023-06-03 16:10:52+00:00,"https://t.co/kzvrFANWoO 

Masih belum terlambat pak @jokowi merubah pilihan rumah pemberian negara dibangun di IKN ...",0,0
1665028180216872966,gustikajusup,2023-06-03 16:10:27+00:00,@archilles_2 @aniesbaswedan @Jakartaeprix @feryfarhati Kalo IKN? Bakal jadi beban APBN sampai kapanpun.,0,7
1665027859130220545,licikperjuangan,2023-06-03 16:09:10+00:00,"RT @YepryR: HASIL KARYA DAN GAGASAN CAPRES ANIES BASWEDAN,

Anies basewdan harga 20juta tiket formula E ludes terjual,hasil nyata karya ani‚Ä¶",20,0
1665027642507108361,RepelitaO,2023-06-03 16:08:19+00:00,"Jokowi Cabut Larangan Ekspor Pasir Laut, Pengamat: Dia Jual Negara Buat Modal IKN yang Gak Beres-Beres https://t.co/e7CAL2e3DW",0,0
1665027158165839872,Mezzoforte2609,2023-06-03 16:06:23+00:00,"RT @Djantjik: Seiring rencana pemindahan Ibukota Negara ke IKN, Jakarta terus berbenah mempersiapkan diri. Menteri BUMN @erickthohir Thohir‚Ä¶",6,0
1665026790614528002,ArRayah43832329,2023-06-03 16:04:56+00:00,"RT @RadarKorupsi: Sampai saat ini nalar saya masih kagok soal PP buka ekspor pasir laut untuk Reklamasi di RI dan IKN. 

Ekspor dulu, setel‚Ä¶",22,0
1665026646116794368,Darkliquorchoco,2023-06-03 16:04:21+00:00,"@Rohmad_Sob @archilles_2 @aniesbaswedan @Jakartaeprix @feryfarhati Menurut dia kebanggaan itu bukan mengorbankan apbd selama 5 tahun, tapi mengorbankan tanah IKN selama ratusan tahun. Mereka baru pada bangga. @archilles_2 gitu kan?",0,0
1665025674199937026,4nw4r__84,2023-06-03 16:00:30+00:00,"RT @OposisiCerdas: Dikuliti Habis, Pohon Hayat yang Dipakai Jokowi Jadi Logo Ibu Kota Negara Dikaitkan dengan Alkitab, IKN Diubah Jadi Inji‚Ä¶",261,0
1665025577470902274,rightlineb,2023-06-03 16:00:07+00:00,"RT @OposisiCerdas: Dikuliti Habis, Pohon Hayat yang Dipakai Jokowi Jadi Logo Ibu Kota Negara Dikaitkan dengan Alkitab, IKN Diubah Jadi Inji‚Ä¶",261,0
1665024599174553606,Kentir_suloyo,2023-06-03 15:56:13+00:00,"Kenapa Saya memilih @ganjarpranowo  sbg Presiden RI periode 2024 ???

Sebagai ORANG DAYAK saya percaya bahwa @ganjarpranowo  adalah penerus @jokowi  yg akan meneruskan Pembangunan IKN dan memperhatikan kesejahteraan masyarakat suku DAYAK dibumi Borneo.

SALAM üá≤üá®üá≤üá®üá≤üá®",0,0
1665023905109782529,CjChanelindo,2023-06-03 15:53:28+00:00,"Jokowi telah membuat cerita seorang pemimpin besar. Melakukan hal2 besar Dan bermanfaat bagi hajat hidup orang banyak Dan kebesaran bangsa. Dari mulai bandara, pelabuhan, jalan, bendungan,hilirisasi tambang, IKN, Kereta Cepat dll. Itulah gambaran pemimpin berpikir besar Dan maju",0,0
1665023413705134080,SeputariNews,2023-06-03 15:51:31+00:00,"Logo IKN Diluncurkan, Politikus Partai Perindo: Pohon Hayat Tunjukkan Kehidupan
https://t.co/L26M0IUjpz",0,0
1665023402476994566,OfficialiNewsTV,2023-06-03 15:51:28+00:00,"Logo IKN Diluncurkan, Politikus Partai Perindo: Pohon Hayat Tunjukkan Kehidupan
https://t.co/zbfXka3s1i",0,0
1665023387037749250,GTVID_News,2023-06-03 15:51:24+00:00,"Logo IKN Diluncurkan, Politikus Partai Perindo: Pohon Hayat Tunjukkan Kehidupan
https://t.co/SRJIzYxa4F",0,0
1665023372802273280,SINDOnews,2023-06-03 15:51:21+00:00,"Logo IKN Diluncurkan, Politikus Partai Perindo: Pohon Hayat Tunjukkan Kehidupan
https://t.co/YIUSM7NToc",0,0
1665022059859296257,doditred,2023-06-03 15:46:08+00:00,"RT @inilahdotcom: Keputusan Presiden Jokowi membuka tambang dan ekspor pasir laut, semakin banyak yang mengkritisi. Termasuk guru besar IPB‚Ä¶",853,0
1665022046768881665,anangsob,2023-06-03 15:46:05+00:00,"@PartaiSocmed Singapore impor pasir laut, kemudian pasir lautnya dijual kembali ke Indonesia untuk keperluan IKN.
Begitu kah?",0,0
1665021469544562688,Dzar1702,2023-06-03 15:43:47+00:00,"RT @YepryR: HASIL KARYA DAN GAGASAN CAPRES ANIES BASWEDAN,

Anies basewdan harga 20juta tiket formula E ludes terjual,hasil nyata karya ani‚Ä¶",20,0
1665021077498765314,Naldirusli2,2023-06-03 15:42:14+00:00,"RT @YepryR: Aduh sorry nih,
Lama lama KUBURAN UMUM di gali tanah nya di jual ke luar negeri,sangking cari buat modal IKN.

Gali lubang Tutu‚Ä¶",6,0
1665021032590372866,vin_ergee,2023-06-03 15:42:03+00:00,"RT @OposisiCerdas: Dikuliti Habis, Pohon Hayat yang Dipakai Jokowi Jadi Logo Ibu Kota Negara Dikaitkan dengan Alkitab, IKN Diubah Jadi Inji‚Ä¶",261,0
1665018520206471173,zhaLu87,2023-06-03 15:32:04+00:00,@Kanjeng2022 @MUIPusat ambisi membangun IKN ... segala cara di lakukan . https://t.co/lRjnQ1txDZ,0,0
1665018379131043840,JamalHabsy,2023-06-03 15:31:30+00:00,"RT @OposisiCerdas: Dikuliti Habis, Pohon Hayat yang Dipakai Jokowi Jadi Logo Ibu Kota Negara Dikaitkan dengan Alkitab, IKN Diubah Jadi Inji‚Ä¶",261,0
1665018096187219968,ibnu_haitham,2023-06-03 15:30:23+00:00,"@_4iii_Na_T3H5h Pohon hayat logo IKN, kata netizen ada di alkitab...",0,0
1665017108802211840,Bims_D_Boy,2023-06-03 15:26:27+00:00,"RT @YepryR: HASIL KARYA DAN GAGASAN CAPRES ANIES BASWEDAN,

Anies basewdan harga 20juta tiket formula E ludes terjual,hasil nyata karya ani‚Ä¶",20,0
1665016488783405058,Pejuang06379909,2023-06-03 15:24:00+00:00,"RT @YepryR: HASIL KARYA DAN GAGASAN CAPRES ANIES BASWEDAN,

Anies basewdan harga 20juta tiket formula E ludes terjual,hasil nyata karya ani‚Ä¶",20,0
1665016059026452480,NursalFaisal,2023-06-03 15:22:17+00:00,Meeting persiapan IKN https://t.co/KfUXvpHlIT,0,1
1665015577256300549,Doddy19714254,2023-06-03 15:20:22+00:00,RT @KemenPU: IKN Nusantara akan menjadi Superhub Ekonomi yang dapat mendorong laju pertumbuhan ekonomi Indonesi. Visi tersebut akan diwujud‚Ä¶,20,0
1665014476209373185,daengbang06,2023-06-03 15:16:00+00:00,"RT @RadarKorupsi: Sampai saat ini nalar saya masih kagok soal PP buka ekspor pasir laut untuk Reklamasi di RI dan IKN. 

Ekspor dulu, setel‚Ä¶",22,0
1665014454159917056,Tuahsakato999,2023-06-03 15:15:55+00:00,"RT @OposisiCerdas: Dikuliti Habis, Pohon Hayat yang Dipakai Jokowi Jadi Logo Ibu Kota Negara Dikaitkan dengan Alkitab, IKN Diubah Jadi Inji‚Ä¶",261,0
1665013478908911616,bandorobrojo,2023-06-03 15:12:02+00:00,"RT @OposisiCerdas: Dikuliti Habis, Pohon Hayat yang Dipakai Jokowi Jadi Logo Ibu Kota Negara Dikaitkan dengan Alkitab, IKN Diubah Jadi Inji‚Ä¶",261,0
1665013156299829248,code_yen,2023-06-03 15:10:45+00:00,"RT @YepryR: HASIL KARYA DAN GAGASAN CAPRES ANIES BASWEDAN,

Anies basewdan harga 20juta tiket formula E ludes terjual,hasil nyata karya ani‚Ä¶",20,0
1665012066946621440,kaumberudu,2023-06-03 15:06:25+00:00,@RamliRizal Buat modal IKN kata orang¬≤ sih. Bener ga sih bonküê∏,0,1
1665011955067949061,OrangeUc1000,2023-06-03 15:05:59+00:00,@txtncus @rgoestama +1 buat di IKN,0,0
1665011813199781889,azizafrizaLLL,2023-06-03 15:05:25+00:00,"RT @OposisiCerdas: Dikuliti Habis, Pohon Hayat yang Dipakai Jokowi Jadi Logo Ibu Kota Negara Dikaitkan dengan Alkitab, IKN Diubah Jadi Inji‚Ä¶",261,0
1665011040222957570,RexyChristian1,2023-06-03 15:02:21+00:00,RT @CNNIndonesia: Dubes RI Sebut Perusahaan China Siap Investasi Rp180 triliun di IKN https://t.co/nJAroGtJrv,54,0
1665010634268852225,zebenk11,2023-06-03 15:00:44+00:00,"RT @jokowi: Di dalamnya ada filosofi yang sejalan dengan semangat pembangunan IKN, menumbuhkan rasa bangga dengan jati diri bangsa Indonesi‚Ä¶",213,0
1665010606783582209,zebenk11,2023-06-03 15:00:37+00:00,"RT @jokowi: Selamat pagi. Inilah logo Ibu Kota Nusantara yang diluncurkan kemarin. Logo yang akan menjadi identitas visual bagi IKN.

Teman‚Ä¶",2777,0
1665010456887693312,Arifin2Zainal,2023-06-03 15:00:01+00:00,"RT @YepryR: HASIL KARYA DAN GAGASAN CAPRES ANIES BASWEDAN,

Anies basewdan harga 20juta tiket formula E ludes terjual,hasil nyata karya ani‚Ä¶",20,0
1665010199852351494,pendekar58,2023-06-03 14:59:00+00:00,"RT @RadarKorupsi: Sampai saat ini nalar saya masih kagok soal PP buka ekspor pasir laut untuk Reklamasi di RI dan IKN. 

Ekspor dulu, setel‚Ä¶",22,0
1665010127567736832,mmiskun137,2023-06-03 14:58:43+00:00,"@bachrum_achmadi Satu lagi friend IKN gak perlu di lanjutkan,istana presiden masih mewah,masih banyak rakyat yg tdk punya rumah,itu yg musti di prioritas,pemimpin itu seperti org tua rela banting tulang demi anak,rela puasa asal anak makan,bukan sebaliknyaü§îü§îü§î",0,0
1665010058202169348,r_warossi,2023-06-03 14:58:26+00:00,"RT @RadarKorupsi: Sampai saat ini nalar saya masih kagok soal PP buka ekspor pasir laut untuk Reklamasi di RI dan IKN. 

Ekspor dulu, setel‚Ä¶",22,0
1665009732745302019,zuhar3910,2023-06-03 14:57:09+00:00,@msaid_didu Nampak kali menteri ngak cerdas.emang kita butuh import pasir utk bikin pulau buatan..? Wong kita ini mau ekspor kok.berarti kan Singapura yg mau bikin nambah daratan. Menteriny sekolah dimana ya dl ? Atau mau bilang  barter investor utk IKN tp takut dibuli ?,0,1
1665009422421352451,Romi68554828702,2023-06-03 14:55:55+00:00,@bangZhack86 Semoga pindah ke ikn jg biar tetap rame sinisnya,0,0
1665009090974580736,weddie_s,2023-06-03 14:54:36+00:00,RT @KemenPU: IKN Nusantara akan menjadi Superhub Ekonomi yang dapat mendorong laju pertumbuhan ekonomi Indonesi. Visi tersebut akan diwujud‚Ä¶,20,0
1665005029231820800,Camino67255705,2023-06-03 14:38:27+00:00,@budimandjatmiko Kenapa Jokowi bela Singapur dengan dagang pasir ? Apa kompensasi agar mau investasi di IKN ? Sangat salah keputusan nya,0,0
1665004943143518208,Hester_7952,2023-06-03 14:38:07+00:00,RT @novansatrianto: Kalau mau jadi petani di IKN apa bisa pak @jokowi ?,1,0
1665004019553652736,SARASUITSUIT,2023-06-03 14:34:27+00:00,"@WagimanDeep212_ Lama-lama nanti bikin kbbp dah‚Ä¶ kbbp: kamus besar bahasa partai ü§£ kmrn katanya expor pasir utk reklamasi ikn, skrng petugas partai utk kepentingan negara. Hukum kbbi ditabrak semua. Ga kaget klo ntr susu diaamain air tajin karna semua yg putih = susu üòÖ",0,0
1665003719241666560,andikaruby96,2023-06-03 14:33:15+00:00,"RT @jokowi: Selamat pagi. Inilah logo Ibu Kota Nusantara yang diluncurkan kemarin. Logo yang akan menjadi identitas visual bagi IKN.

Teman‚Ä¶",2777,0
1665003647854342145,dhidie_doank,2023-06-03 14:32:58+00:00,"RT @OposisiCerdas: Dikuliti Habis, Pohon Hayat yang Dipakai Jokowi Jadi Logo Ibu Kota Negara Dikaitkan dengan Alkitab, IKN Diubah Jadi Inji‚Ä¶",261,0
1665001627168768005,gustavin_baidur,2023-06-03 14:24:56+00:00,"RT @RadarKorupsi: Sampai saat ini nalar saya masih kagok soal PP buka ekspor pasir laut untuk Reklamasi di RI dan IKN. 

Ekspor dulu, setel‚Ä¶",22,0
1665001562932903939,vivraver,2023-06-03 14:24:41+00:00,@hiperkor kalimantan masi kosong itu OM TANTE BRODI KE IKN OM TANTE BRODIIIII!!!!! üò´üò´üò´ tuna gausa diajak,0,0
1665000550025535490,PenataMudaaa,2023-06-03 14:20:39+00:00,Mau dong main ke IKN üòå https://t.co/MmVi0P3x5s,0,0
1664999963443511297,jumjumareka,2023-06-03 14:18:20+00:00,"@bebek_NKRI mending nyerok pasir laut aja gih,mumpung dibolehin ekspor ke singapura nih... mayan buat bayar cicilan utang IKN",0,0
1664999913539903489,2komaini_ahmad4,2023-06-03 14:18:08+00:00,Mengorbankan yg kecil utk mendapat yg lebih besar spt IKN apa susahnya sih? Belajar donk dari orang-orang kecil yg terbiasa dikorbankan oleh dan utk para pembesar. Baru jadi pulau aja manja. https://t.co/25OpB68PkI,1,1
1664999433702866946,Abahpurwa1,2023-06-03 14:16:13+00:00,Apakah yang pasir laut buat bangun IKN?,0,2
1664998429989171201,snugakrunk,2023-06-03 14:12:14+00:00,@rgoestama @hanmula @iphankiedis IKN ada indikasi berubah jadi lahan tambang/tempat industri/area pelabuhan terluar wilayah indonesia? Cuma berasumsi aja.,0,1
1664997334265237509,baco_djafa11377,2023-06-03 14:07:53+00:00,"RT @RadarKorupsi: Sampai saat ini nalar saya masih kagok soal PP buka ekspor pasir laut untuk Reklamasi di RI dan IKN. 

Ekspor dulu, setel‚Ä¶",22,0
1664997315323494400,ieffendi23,2023-06-03 14:07:48+00:00,"RT @OposisiCerdas: Dikuliti Habis, Pohon Hayat yang Dipakai Jokowi Jadi Logo Ibu Kota Negara Dikaitkan dengan Alkitab, IKN Diubah Jadi Inji‚Ä¶",261,0
1664997235988508677,dwikisahkan,2023-06-03 14:07:29+00:00,RT @asumsico: Sebanyak 130 delegasi singapura melakukan kunjungan ke kawasan Ibu Kota Negara (IKN) Nusantara. https://t.co/N3OXpVVYaT,33,0
1664996695187558401,jumjumareka,2023-06-03 14:05:20+00:00,"RT @RadarKorupsi: Sampai saat ini nalar saya masih kagok soal PP buka ekspor pasir laut untuk Reklamasi di RI dan IKN. 

Ekspor dulu, setel‚Ä¶",22,0
1664996625599832064,mediaindonesia,2023-06-03 14:05:04+00:00,"Untuk mendorong realisasi investasi dari para investor, Piter mendorong supaya infrastruktur dasar yang sedang dikerjakan oleh pemerintah dapat segera rampung.  https://t.co/znE7A3ukF4",0,0
1664995604525883393,Last__Sword,2023-06-03 14:01:00+00:00,"@gibran_tweet di ikn aja mas, saingan sama jin2 nya",0,0
1664995443866992640,SR21881,2023-06-03 14:00:22+00:00,"RT @YepryR: HASIL KARYA DAN GAGASAN CAPRES ANIES BASWEDAN,

Anies basewdan harga 20juta tiket formula E ludes terjual,hasil nyata karya ani‚Ä¶",20,0
1664994899844816896,laballonggeng,2023-06-03 13:58:12+00:00,"RT @musniumar: Mengerikan sekali besarnya utang Indonesia yang tembus Rp20750 triliun. Kata Pak JK berutang itu mudah, yang susah membayarn‚Ä¶",288,0
1664994623914377216,MartinusButarb1,2023-06-03 13:57:07+00:00,"Dua hal aneh;
yg satu ekspor utk reklamasi di RI, termasuk IKN. 

Satu lagi ‚Äútdk netral‚Äù demi pemilu JURDIL.
Bgmn logikanya tdk netral menghasilkan kejujuran &amp; adil?

Knp tdk menggunakan kalimat ; tdk pasif,tapi aktif. https://t.co/5t4Xa7PrnQ",0,12
1664993761724870662,Magarapoo,2023-06-03 13:53:41+00:00,"RT @lettachantik: Pagii 
Hari Sabtu ceria 
Kejaksaan mendukung terwujudnya IKN 
Awal 2024 sebagian kejaksaan harus beralih pindah ke IKN, 2‚Ä¶",21,0
1664993062853181441,opposite_sejati,2023-06-03 13:50:54+00:00,"Daripada IKN pindah ke negeri di awan mending gelontorin dana bantuan untuk Papua atau Lhokseumawe!üëç
-IKN boros, gejala ambruknya bangsa Indonesia!üëå
-Unfaedah!ü§¶ https://t.co/ppkLpeMHHo",1,1
1664992632588898304,Sotoy08,2023-06-03 13:49:12+00:00,"RT @lettachantik: Pagii 
Hari Sabtu ceria 
Kejaksaan mendukung terwujudnya IKN 
Awal 2024 sebagian kejaksaan harus beralih pindah ke IKN, 2‚Ä¶",21,0
1664992486111191040,s_ghiffary,2023-06-03 13:48:37+00:00,"RT @RadarKorupsi: Sampai saat ini nalar saya masih kagok soal PP buka ekspor pasir laut untuk Reklamasi di RI dan IKN. 

Ekspor dulu, setel‚Ä¶",22,0
1664992308654161922,kidal_kede,2023-06-03 13:47:55+00:00,"RT @YepryR: HASIL KARYA DAN GAGASAN CAPRES ANIES BASWEDAN,

Anies basewdan harga 20juta tiket formula E ludes terjual,hasil nyata karya ani‚Ä¶",20,0
1664991754347597824,setioanenator01,2023-06-03 13:45:42+00:00,"RT @OposisiCerdas: Dikuliti Habis, Pohon Hayat yang Dipakai Jokowi Jadi Logo Ibu Kota Negara Dikaitkan dengan Alkitab, IKN Diubah Jadi Inji‚Ä¶",261,0
1664991408913104897,jokongiskhan,2023-06-03 13:44:20+00:00,"RT @OposisiCerdas: Dikuliti Habis, Pohon Hayat yang Dipakai Jokowi Jadi Logo Ibu Kota Negara Dikaitkan dengan Alkitab, IKN Diubah Jadi Inji‚Ä¶",261,0
1664991238003597313,aarghar99,2023-06-03 13:43:39+00:00,@kompascom Anggarannya lagi buat IKN ya pak @jokowi ?,0,2
1664990467350491138,RadarKorupsi,2023-06-03 13:40:36+00:00,"Sampai saat ini nalar saya masih kagok soal PP buka ekspor pasir laut untuk Reklamasi di RI dan IKN. 

Ekspor dulu, setelah sampai Wuhan baru balik lagi ke IKN dan reklamasi pulau palsu? 

Jadi bayar pajak ekspor dan impor. belum temasuk loading unloading/C&amp;F dll, wakaka https://t.co/6ZjyR4ZYi8 https://t.co/iY5tzkjYNH",22,39
1664989782513156096,ndCapio,2023-06-03 13:37:52+00:00,"RT @OposisiCerdas: Dikuliti Habis, Pohon Hayat yang Dipakai Jokowi Jadi Logo Ibu Kota Negara Dikaitkan dengan Alkitab, IKN Diubah Jadi Inji‚Ä¶",261,0
1664988531683479557,Sahabat_hijroh,2023-06-03 13:32:54+00:00,@lettachantik Keren nih semua pindah k IKN,0,0
1664988438213304322,Sahabat_hijroh,2023-06-03 13:32:32+00:00,"RT @lettachantik: Pagii 
Hari Sabtu ceria 
Kejaksaan mendukung terwujudnya IKN 
Awal 2024 sebagian kejaksaan harus beralih pindah ke IKN, 2‚Ä¶",21,0
1664988295384662016,Jatayu_45,2023-06-03 13:31:58+00:00,"RT @NyiRrk: Waduuuh Pak De Cawe Cawe Capres Mengamankan Proyek Strategis Nasional 
IKN apa Ice Doger Rp 71 Milyard ? 
#SkandalHitamIjazahPa‚Ä¶",5,0
1664988119652012033,doniantonemus,2023-06-03 13:31:16+00:00,"Di samping itu, Presiden @jokowi dan Presiden Raisi juga menjajaki pembentukan kesepakatan antarbisnis atau B2B, investasi pembangunan Ibu Kota Nusantara (IKN), dan solusi untuk investasi sektor migas. https://t.co/wueunruH4O",0,0
1664987520923488256,v_denny,2023-06-03 13:28:53+00:00,"RT @musniumar: Mengerikan sekali besarnya utang Indonesia yang tembus Rp20750 triliun. Kata Pak JK berutang itu mudah, yang susah membayarn‚Ä¶",288,0
1664986213613449216,AbdulHlimSH,2023-06-03 13:23:41+00:00,"RT @OposisiCerdas: Dikuliti Habis, Pohon Hayat yang Dipakai Jokowi Jadi Logo Ibu Kota Negara Dikaitkan dengan Alkitab, IKN Diubah Jadi Inji‚Ä¶",261,0
1664985510455173120,Midun_FC24,2023-06-03 13:20:54+00:00,"RT @YepryR: HASIL KARYA DAN GAGASAN CAPRES ANIES BASWEDAN,

Anies basewdan harga 20juta tiket formula E ludes terjual,hasil nyata karya ani‚Ä¶",20,0
1664985308956327936,satriayagami,2023-06-03 13:20:06+00:00,"RT @YepryR: HASIL KARYA DAN GAGASAN CAPRES ANIES BASWEDAN,

Anies basewdan harga 20juta tiket formula E ludes terjual,hasil nyata karya ani‚Ä¶",20,0
1664984890750763009,alboy_aboe,2023-06-03 13:18:26+00:00,"RT @musniumar: Mengerikan sekali besarnya utang Indonesia yang tembus Rp20750 triliun. Kata Pak JK berutang itu mudah, yang susah membayarn‚Ä¶",288,0
1664984543294799872,Romli08460290,2023-06-03 13:17:03+00:00,"@tvOneNews Yakin, ASN kementrian, anggota DPR, mau pindah ke ikn?lah wong pasilitas nya aja blm ada, mereka itu ude biasa hidup enak,setiap weekend ngemoll,lah di taro ditengah hutan..yg ada pada ngajuiin pensiun dini...",0,0
1664984527716986881,MartinusButarb1,2023-06-03 13:16:59+00:00,"Buat reklamasi di RI, termasuk IKN, buka ekspor?

ü§® https://t.co/uMNSvge3tG",1,5
1664983610750017538,gunawan131086,2023-06-03 13:13:21+00:00,"RT @musniumar: Mengerikan sekali besarnya utang Indonesia yang tembus Rp20750 triliun. Kata Pak JK berutang itu mudah, yang susah membayarn‚Ä¶",288,0
1664983207497072642,_gianko81,2023-06-03 13:11:45+00:00,"RT @OposisiCerdas: Dikuliti Habis, Pohon Hayat yang Dipakai Jokowi Jadi Logo Ibu Kota Negara Dikaitkan dengan Alkitab, IKN Diubah Jadi Inji‚Ä¶",261,0
1664982818559234050,Mrs_SSHY,2023-06-03 13:10:12+00:00,"RT @OposisiCerdas: Dikuliti Habis, Pohon Hayat yang Dipakai Jokowi Jadi Logo Ibu Kota Negara Dikaitkan dengan Alkitab, IKN Diubah Jadi Inji‚Ä¶",261,0
1664982724560711681,CNNIndonesia,2023-06-03 13:09:50+00:00,"KPU Buat TPS Khusus Pekerja IKN saat Pemilu 2024
https://t.co/00Q5KDVTQI",0,6
1664982263854137345,sugiant94359147,2023-06-03 13:08:00+00:00,@tempodotco Tdk beda jauh dg IKN yg katanya investor smp ngantri...eh jebule ngemis2 smp ke negeri seberang..hahaha,0,0
1664982178088845313,masakanrasako,2023-06-03 13:07:39+00:00,"RT @YepryR: HASIL KARYA DAN GAGASAN CAPRES ANIES BASWEDAN,

Anies basewdan harga 20juta tiket formula E ludes terjual,hasil nyata karya ani‚Ä¶",20,0
1664981513669156864,aden87,2023-06-03 13:05:01+00:00,"@rgoestama @ikn_id Seperti perumahan2 baru umumnya, bisnis yg akan berkembang usaha furniture, laundry, galon dan toko kelontong. Better, bisa kasbon bayarnya tgl 1 gajian pns üòÅ",0,0
1664981185682984961,Mediacentermadn,2023-06-03 13:03:43+00:00,"Dukung Perjuangan Masyarakat Dayak Agar Presiden Jokowi Pecat Kepala Otorita IKN yang tidak mengakomodir putra terbaik warga Dayak yang ikut Tess. Dayak harus berdaulat di tanah Borneo demi kelangsungan hidup anak cucu. 
Ikut aksi Unjuk rasa hari Kamis, 15 Juni 2023 jam 09.00 WIB https://t.co/kTPkOlR4sd",0,0
1664980862289707010,YepryR,2023-06-03 13:02:26+00:00,"HASIL KARYA DAN GAGASAN CAPRES ANIES BASWEDAN,

Anies basewdan harga 20juta tiket formula E ludes terjual,hasil nyata karya anies basewdan,tanpa utang ke negara lain,coba cek kinerja jokowi  infrasktruktur tol dan lain lain termasuk IKN,bukan buat rakyat kecil tapi utang negara‚Ä¶ https://t.co/6P7dEx0KP2 https://t.co/RcxLIpZgRQ",20,54
1664980566565945347,MochyFAUMVI,2023-06-03 13:01:15+00:00,"RT @OposisiCerdas: Dikuliti Habis, Pohon Hayat yang Dipakai Jokowi Jadi Logo Ibu Kota Negara Dikaitkan dengan Alkitab, IKN Diubah Jadi Inji‚Ä¶",261,0
1664980175447097347,Christofel_ID,2023-06-03 12:59:42+00:00,RT @asumsico: Sebanyak 130 delegasi singapura melakukan kunjungan ke kawasan Ibu Kota Negara (IKN) Nusantara. https://t.co/N3OXpVVYaT,33,0
1664980077157949442,FulanMcBastard,2023-06-03 12:59:18+00:00,kok sebelumnya ngga ada wacana reklamasi IKN? apakah nanti ada cost overrun? https://t.co/Dvv0Oktx0R,0,0
1664979595098050560,laballonggeng,2023-06-03 12:57:23+00:00,"RT @tvOneNews: Pohon Hayat Jadi Logo IKN, Netizen Singgung Pohon Hayat Ada di Alkitab https://t.co/Rl57L5G7LI",101,0
1664979281909530625,Berlian2diamond,2023-06-03 12:56:09+00:00,"@susipudjiastuti Fix ya ke ikn mesti ekspor. Jd bagian negara mana nih ikn? Kepo,üòä",0,0
1664978742572355585,Julianto_LK3,2023-06-03 12:54:00+00:00,"RT @jokowi: Selamat pagi. Inilah logo Ibu Kota Nusantara yang diluncurkan kemarin. Logo yang akan menjadi identitas visual bagi IKN.

Teman‚Ä¶",2777,0
1664977589746962435,KEWALORENZO,2023-06-03 12:49:25+00:00,RT @KemenPU: IKN Nusantara akan menjadi Superhub Ekonomi yang dapat mendorong laju pertumbuhan ekonomi Indonesi. Visi tersebut akan diwujud‚Ä¶,20,0
1664977379364675584,AkhmadDimyati13,2023-06-03 12:48:35+00:00,"RT @tawajkt: Ada ga Muslim yg protes?

Pohon Hayat Jadi Logo IKN, Netizen Singgung Pohon Hayat Ada di Alkitab.

https://t.co/MXf7ZbRSjt",10,0
1664977105409458176,GagakNewww,2023-06-03 12:47:30+00:00,RT @prematur1um: @GagakNewww @kutang_bolong @Acitttttz @Edytawang Yg tidak suka dg IKN adalah orang¬≤ kuat yg takut kehilangan kerajaan Bisn‚Ä¶,1,0
1664976943165440000,ZehanAziz08,2023-06-03 12:46:51+00:00,"@PasundanJunior @shda_agatha_ Ngomong apa ngelantur? üòÇ
Konteksnya IKN koq kemana2, bilang gobloknya malu dong harusnya üòÑ https://t.co/syByJTcV3C",0,0
1664976801180057600,gintaginting17,2023-06-03 12:46:17+00:00,"RT @JOSTOTO_2014: Demi yupi apapun dedek lakuin banggüòÇüòÇ

Tag
Banda Neira Video Rebecca Klopper Indonesia Guru Penggerak Ariel Noah Cawe-caw‚Ä¶",1,0
1664976661102886912,Harry_Soedyanto,2023-06-03 12:45:44+00:00,@kumparan IKN = Ihhh Koq Nekad.....,0,0
1664976268658618375,jokowi_dobol,2023-06-03 12:44:10+00:00,"https://t.co/2N5Dq18FyA Luar biasa kinerja budak ampas dungu keparat biadab @jokowi , IKN akan diingat sbg monumen: cara Indonesia merusak lingkungan hidup! apa lagi dibangun pakai duit utang riba dari komunis babi china",0,0
1664975657221193737,Ngicaubest,2023-06-03 12:41:45+00:00,"@ch_chotimah2 @ganjarpranowo Kenapa pendukung Ganjar Mati-matian bela Ganjar ?
1. Melanjutkan Program Jokowi utk korupsi &amp; ngutang lagi.
2. Melanjutkan KKN, agar Pendukung &amp; keluarganya bisa masuk di pemerintahan seperti Jokowi.
3. Melanjutkan program IKN yang akn di jadikan sebuah Istana Kerajaan Nusantara",0,3
1664973979185029122,MuchNasikhin,2023-06-03 12:35:05+00:00,"@RamliRizal Udah di bohongi china tentang kereta cepat,sekarang di PHP in singapore mau investasi di IKN,singapore itu licik
Hanya keledai yg jatuh di lobang yg sama",1,4
1664973611696783361,fadilharyo_,2023-06-03 12:33:37+00:00,RT @asumsico: Sebanyak 130 delegasi singapura melakukan kunjungan ke kawasan Ibu Kota Negara (IKN) Nusantara. https://t.co/N3OXpVVYaT,33,0
1664973252882743298,MachyaSt,2023-06-03 12:32:11+00:00,"RT @OposisiCerdas: Dikuliti Habis, Pohon Hayat yang Dipakai Jokowi Jadi Logo Ibu Kota Negara Dikaitkan dengan Alkitab, IKN Diubah Jadi Inji‚Ä¶",261,0
1664973134452379650,Candj09,2023-06-03 12:31:43+00:00,RT @eradotid: KPU Penajam Paser Utara: Para Pekerja di IKN Nyoblos di TPU Khusus https://t.co/ZE58HJ8RrP,1,0
1664972243502235648,AinaZah17228752,2023-06-03 12:28:11+00:00,"RT @inilahdotcom: Keputusan Presiden Jokowi membuka tambang dan ekspor pasir laut, semakin banyak yang mengkritisi. Termasuk guru besar IPB‚Ä¶",853,0
1664972122295517184,PpuPolres,2023-06-03 12:27:42+00:00,"RT @Poldakaltim: https://t.co/3Ewf5ZAvV7, PPU ‚Äì Personil Satuan Tugas Operasi Nusantara Mahakam Polda Kaltim melaksanakan patroli sambang k‚Ä¶",1,0
1664971620233142272,U_Dayn,2023-06-03 12:25:42+00:00,"@JukiHoki @JetVeetlev Seru yah liat progressnya, pantesan Pa Jokowi pengen kepastian dari Presiden selanjutnya utk IKN ini",0,0
1664971519238316033,dndtirani,2023-06-03 12:25:18+00:00,"Sekalian sama Pohon Gorkot

Dikuliti Habis, Pohon Hayat yang Dipakai Jokowi Jadi Logo Ibu Kota Negara Dikaitkan dengan Alkitab, IKN Diubah Jadi Injil Kristus Nyata 
Hari Sabtu Nonton Live Minions Gagal Nunung Pelakor Taufik Hidayat Instagramnya https://t.co/XoDwQgsvXK",0,0
1664971355899547648,dndtirani,2023-06-03 12:24:39+00:00,"Dikuliti Habis, Pohon Hayat yang Dipakai Jokowi Jadi Logo Ibu Kota Negara Dikaitkan dengan Alkitab, IKN Diubah Jadi Injil Kristus Nyata https://t.co/XoDwQgsvXK",0,0
1664971331723460612,citrusyviolet,2023-06-03 12:24:33+00:00,"RT @unicornamjon: Outfit Buat Ngampus

Kemeja
üîó https://t.co/yUx40Hq46m
Inner
üîó https://t.co/avUnLqIUBZ
Celana
üîó https://t.co/USDGzwNhhS
Ta‚Ä¶",39,0
1664971304854863872,citrusyviolet,2023-06-03 12:24:27+00:00,"RT @bunnystasty: Inspirasi Outfit Hijab

Inner
üîó https://t.co/LDgg5jH3aS
Blazer
üîó https://t.co/gbl6VrDhnc
Rok
üîó  https://t.co/JjhGJmeKJH

m‚Ä¶",43,0
1664971116505604097,BeritaJakarta,2023-06-03 12:23:42+00:00,"Dinas KPKP Isi Workshop Perencanaan Pertanian di IKN

#BacadiBJ
#Beritajakarta
#dkijakarta
#JAKI
#WeLoveJakarta

https://t.co/6qMtKhnxiA",0,1
1664970766675501057,Vanroe1001,2023-06-03 12:22:19+00:00,"RT @jokowi: Selamat pagi. Inilah logo Ibu Kota Nusantara yang diluncurkan kemarin. Logo yang akan menjadi identitas visual bagi IKN.

Teman‚Ä¶",2777,0
1664970735813574656,lil00555,2023-06-03 12:22:11+00:00,"Kalau ada yg protes, nanti langsung di cap radikal radikul dan anti toleransiü§¶‚Äç‚ôÇÔ∏è

 https://t.co/VsPvwDMSgV",0,1
1664970705128284161,Mpok_Hanum,2023-06-03 12:22:04+00:00,RT @rgoestama: @ikn_id Bismillah https://t.co/wngi2qrhpt,27,0
1664969879995441152,Jamlean_Saleh,2023-06-03 12:18:47+00:00,"RT @NyiRrk: Waduuuh Pak De Cawe Cawe Capres Mengamankan Proyek Strategis Nasional 
IKN apa Ice Doger Rp 71 Milyard ? 
#SkandalHitamIjazahPa‚Ä¶",5,0
1664969128250077185,sir_usil,2023-06-03 12:15:48+00:00,"ü§£ü§£ü§£ü§£
yang pantas memimpin Indonesia itu @jokowi &amp; @prabowo saat ini.
kalo pak jokowi mau jadi cawapresnya untuk mengawal proyek pembangunan IKN. https://t.co/M3K4rVBLdY",0,0
1664968741514547200,Keroppiii13,2023-06-03 12:14:16+00:00,"RT @nuhe_gaming: @asumsico Berkat izin ekspor pasir, alhamdulillah ratusan investor singapur akhirnya berminat untuk mengunjungi IKN",1,0
1664968667132510208,JonghoJoestarr,2023-06-03 12:13:58+00:00,"@windyisherenow Ah dikit 15k doaang takut tiket cpt abis, Kaltim kan dkt ikn heheü´∂",0,0
1664967518065397762,eef_heryanto,2023-06-03 12:09:24+00:00,"RT @jumalikaalajeng: @tvOneNews Jangankan IKN. Naypiydaw di myanmar, Xiongan di China aja kosong. Biarin aja investor duitnya mandek disitu",2,0
1664967423647264771,Ran9_9a,2023-06-03 12:09:02+00:00,"@democrazymedia prestasi
esemka gaib
kereta cepat yang bikin buntung kas
ikn yang dipaksa padahal kaga penting 2 amat
paling yang kelihatan berhasil jadi petugas partai",0,0
1664967201898504196,MangDarmun,2023-06-03 12:08:09+00:00,"RT @OposisiCerdas: Dikuliti Habis, Pohon Hayat yang Dipakai Jokowi Jadi Logo Ibu Kota Negara Dikaitkan dengan Alkitab, IKN Diubah Jadi Inji‚Ä¶",261,0
1664966603543564290,prasetyos500,2023-06-03 12:05:46+00:00,"@VeelaaRhie @jokowi @ganjarpranowo IKN bukan program Jokowi, sdh ada blueprint sejak Soekarno, jgn ngimpi bisa sampai RI 1 si Anoes itu !!",0,0
1664966458923790336,bawah_kanang,2023-06-03 12:05:12+00:00,"RT @musniumar: Mengerikan sekali besarnya utang Indonesia yang tembus Rp20750 triliun. Kata Pak JK berutang itu mudah, yang susah membayarn‚Ä¶",288,0
1664966178043842563,haris_dmazhar,2023-06-03 12:04:05+00:00,"RT @OposisiCerdas: Dikuliti Habis, Pohon Hayat yang Dipakai Jokowi Jadi Logo Ibu Kota Negara Dikaitkan dengan Alkitab, IKN Diubah Jadi Inji‚Ä¶",261,0
1664965857506922498,ChanyeolDhawet,2023-06-03 12:02:48+00:00,@fotodeka @pejabrut @PNS_Ababil @BetaEpsilonPhi @nayapraja Ohh kaltim tuh mau jd ikn juga yah??,0,0
1664965405037969408,josskrapu29,2023-06-03 12:01:00+00:00,"RT @OposisiCerdas: Dikuliti Habis, Pohon Hayat yang Dipakai Jokowi Jadi Logo Ibu Kota Negara Dikaitkan dengan Alkitab, IKN Diubah Jadi Inji‚Ä¶",261,0
1664965277329797120,benmikir,2023-06-03 12:00:30+00:00,@KasdiIskandar @gilang_ahm31272 @ganjarpranowo Hidup Ganjar utk keberlanjutan IKN di Kalimantan,0,1
1664964976048766978,yusufabualif,2023-06-03 11:59:18+00:00,"Kantor Presiden dan Kementerian Pindah ke IKN Juli 2024, Menteri PUPR: Saya yang Pertama

Progres pembangunan IKN saat ini sudah mencapai 29 persen

https://t.co/elmGmayKl8",0,0
1664964890904199169,yusufabualif,2023-06-03 11:58:58+00:00,"Kantor Presiden dan Kementerian Pindah ke IKN Juli 2024, Menteri PUPR: Saya yang Pertama

Progres pembangunan IKN saat ini sudah mencapai 29 persen

https://t.co/elmGmaycvA",0,0
1664964802068750336,Toto_1945,2023-06-03 11:58:37+00:00,"Kantor Presiden dan Kementerian Pindah ke IKN Juli 2024, Menteri PUPR: Saya yang Pertama

Progres pembangunan IKN saat ini sudah mencapai 29 persen

https://t.co/1qZBaE50GB",0,0
1664964696188010498,ida_mitra,2023-06-03 11:58:11+00:00,"RT @OposisiCerdas: Dikuliti Habis, Pohon Hayat yang Dipakai Jokowi Jadi Logo Ibu Kota Negara Dikaitkan dengan Alkitab, IKN Diubah Jadi Inji‚Ä¶",261,0
1664963915049218048,AureliaMawar,2023-06-03 11:55:05+00:00,KPU Buat TPS Khusus Pekerja IKN saat Pemilu 2024 https://t.co/tIINpcTqls,0,0
1664963857851228164,arikosiri,2023-06-03 11:54:51+00:00,"RT @OposisiCerdas: Dikuliti Habis, Pohon Hayat yang Dipakai Jokowi Jadi Logo Ibu Kota Negara Dikaitkan dengan Alkitab, IKN Diubah Jadi Inji‚Ä¶",261,0
1664963810749485056,benmikir,2023-06-03 11:54:40+00:00,"@MalmsteenEndye @msobri99 Mau IKN? PILIH GANJAR
Mau ibukota tetap di Jakarta.. pilih Anies...

Simple...",0,0
1664962844251783169,1stCitymedia,2023-06-03 11:50:50+00:00,"RT @alextham878: Update KIPP IKN Nusantara Mulai Naik Lantai 2 Istana Negara IKN Nusantara 

Semoga pembangunan IKN Nusantara berjalan sesu‚Ä¶",22,0
